uid,status,wall_s,rc
a1__llava16_7b__vizwiz_val__clean__seed0,ok,568.0,0
a1__llava16_13b__vizwiz_val__clean__seed0,ok,1032.5,0
a1__qwen25vl_7b__vizwiz_val__clean__seed0,ok,1392.1,0
a1__qwen3vl_8b__vizwiz_val__clean__seed0,ok,802.5,0
a1__internvl3_8b__vizwiz_val__clean__seed0,ok,968.7,0
a1__internvl35_8b__vizwiz_val__clean__seed0,ok,1095.2,0
a1__gemma3_12b__vizwiz_val__clean__seed0,ok,1235.5,0
a1__pixtral_12b__vizwiz_val__clean__seed0,ok,1178.2,0
a1__idefics3_8b__vizwiz_val__clean__seed0,ok,682.4,0
